model,accuracy,balanced_accuracy,precision,recall,f1,roc_auc
Published-Protocol PSO-XGBoost,0.8406763285024155,0.8369761904761905,0.8598277951838325,0.7876190476190476,0.8174979128272343,0.8913634920634921
Published-Protocol PSO-XGBoost,0.8407079646017699,0.8365769496204278,0.8534031413612565,0.7874396135265701,0.8190954773869347,
