model,accuracy,precision,recall,f1,roc_auc,pr_auc
Tuned Stacking Hybrid,0.9285714285714286,0.9504132231404959,0.9126984126984127,0.9311740890688259,0.9739937641723355,0.9690325541646804
Tuned Soft Voting Hybrid,0.9285714285714286,0.943089430894309,0.9206349206349206,0.9317269076305221,0.9735685941043084,0.9691162863261463
Tuned CatBoostClassifier,0.9243697478991597,0.95,0.9047619047619048,0.926829268292683,0.967545351473923,0.9607988249159574
