model,epochs,best_valid_auc,accuracy,precision,recall,f1,roc_auc,pr_auc
Feature Tokenizer Transformer,24,0.9407040704070407,0.8823529411764706,0.8656716417910447,0.9206349206349206,0.8923076923076924,0.9280045351473921,0.9032551440158256
