accuracy,balanced_accuracy,precision,recall,f1,roc_auc
0.8901098901098901,0.8877551020408163,0.9,0.8571428571428571,0.8780487804878049,0.9271137026239067
