accuracy,balanced_accuracy,macro_f1,weighted_f1
0.7362637362637363,0.6649718006860864,0.6037627739382125,0.721673063778327
