task,model,accuracy,balanced_accuracy,precision,recall,f1,roc_auc
Binary holdout,VotingClassifier,0.8461538461538461,0.8435374149659864,0.85,0.8095238095238095,0.8292682926829268,0.922740524781341
