task,model,accuracy,balanced_accuracy,precision,recall,f1,roc_auc
Normal vs Arrhythmia prediction,Random Forest,0.8031990231990231,0.797859631657541,0.8213797450944436,0.7344947735191638,0.7738940133983808,0.8747280096707672
Normal vs Arrhythmia prediction,Soft Voting Hybrid,0.7855189255189254,0.7776090924174548,0.8226474289097931,0.6858304297328688,0.7433721855012896,0.8731493991324752
Normal vs Arrhythmia prediction,Extra Trees,0.8031257631257631,0.7948481831757094,0.8526498179008939,0.6958188153310105,0.7622477028858469,0.871598046884259
Normal vs Arrhythmia prediction,XGBoost,0.8075457875457875,0.8013688402190144,0.8329050835312695,0.7292682926829268,0.7742950191570882,0.8710066605039228
Normal vs Arrhythmia prediction,Logistic Regression,0.7193162393162394,0.712526962004314,0.725631262691834,0.6332171893147504,0.6720561431901817,0.78122022328095
